{
  "feature_set": "5",
  "selected_features": [
    "mean radius",
    "mean texture",
    "mean perimeter",
    "mean area",
    "mean smoothness"
  ],
  "best_model": "LogisticRegression",
  "metrics": {
    "model": "LogisticRegression",
    "accuracy": 0.8596491228070176,
    "precision": 0.9375,
    "recall": 0.8333333333333334,
    "f1": 0.8823529411764706,
    "auc": 0.9718915343915344,
    "train_time_sec": 0.0384058952331543
  }
}